standard_id,level_count,broken_cells,align_score,gate_status,reason
[10공영1-01-01],5,0,0.5,usable,
[10공영1-01-02],5,0,0.6,usable,
[10공영1-01-03],5,0,0.8888888888888888,usable,
[10공영1-01-04],5,0,0.625,usable,
[10공영1-01-05],5,0,0.8571428571428571,usable,
[10공영1-01-06],5,0,0.6666666666666666,usable,
[10공영1-01-07],5,0,0.8571428571428571,usable,
[10공영1-01-08],3,0,,incomplete,A~E 중 3단계만 있음
[10공영1-02-01],5,0,0.875,usable,
[10공영1-02-02],5,0,0.8333333333333334,usable,
[10공영1-02-03],5,0,0.8,usable,
[10공영1-02-04],5,0,0.8571428571428571,usable,
[10공영1-02-05],5,0,0.8333333333333334,usable,
[10공영1-02-06],5,0,0.8333333333333334,usable,
[10공영1-02-07],5,0,0.9,usable,
[10공영1-02-08],3,0,,incomplete,A~E 중 3단계만 있음
[10공영2-01-01],5,0,0.5,usable,
[10공영2-01-02],5,0,0.6,usable,
[10공영2-01-03],5,0,0.875,usable,
[10공영2-01-04],5,0,0.625,usable,
[10공영2-01-05],5,0,0.8571428571428571,usable,
[10공영2-01-06],5,0,0.6666666666666666,usable,
[10공영2-01-07],5,0,0.6666666666666666,usable,
[10공영2-01-08],5,0,0.8571428571428571,usable,
[10공영2-02-01],5,0,0.875,usable,
[10공영2-02-02],5,0,0.8333333333333334,usable,
[10공영2-02-03],5,0,0.8,usable,
[10공영2-02-04],5,0,0.8571428571428571,usable,
[10공영2-02-05],5,0,0.6666666666666666,usable,
[10공영2-02-06],5,0,0.8571428571428571,usable,
[10공영2-02-07],5,0,0.8333333333333334,usable,
[10공영2-02-08],5,0,0.9,usable,
[10공영2-02-09],3,0,,incomplete,A~E 중 3단계만 있음
[10기영1-01-01],5,0,0.6,usable,
[10기영1-01-02],5,0,0.6,usable,
[10기영1-01-03],5,0,0.8571428571428571,usable,
[10기영1-01-04],5,0,0.8571428571428571,usable,
[10기영1-01-05],5,0,0.625,usable,
[10기영1-01-06],5,0,0.6666666666666666,usable,
[10기영1-01-07],5,0,0.42857142857142855,usable,
[10기영1-01-08],3,0,,incomplete,A~E 중 3단계만 있음
[10기영1-02-01],5,0,0.8888888888888888,usable,
[10기영1-02-02],5,0,0.6666666666666666,usable,
[10기영1-02-03],5,0,0.75,usable,
[10기영1-02-04],5,0,0.8333333333333334,usable,
[10기영1-02-05],5,0,0.8,usable,
[10기영1-02-06],5,0,0.8888888888888888,usable,
[10기영1-02-07],5,0,0.8571428571428571,usable,
[10기영1-02-08],3,0,,incomplete,A~E 중 3단계만 있음
[10기영2-01-01],5,0,0.6,usable,
[10기영2-01-02],5,0,0.6,usable,
[10기영2-01-03],5,0,0.8888888888888888,usable,
[10기영2-01-04],5,0,0.8888888888888888,usable,
[10기영2-01-05],5,0,0.625,usable,
[10기영2-01-06],5,0,0.7142857142857143,usable,
[10기영2-01-07],5,0,0.42857142857142855,usable,
[10기영2-01-08],3,0,,incomplete,A~E 중 3단계만 있음
[10기영2-02-01],5,0,0.8888888888888888,usable,
[10기영2-02-02],5,0,0.6666666666666666,usable,
[10기영2-02-03],5,0,0.8333333333333334,usable,
[10기영2-02-04],5,0,0.8333333333333334,usable,
[10기영2-02-05],5,0,0.6666666666666666,usable,
[10기영2-02-06],5,0,0.8888888888888888,usable,
[10기영2-02-07],5,0,0.8571428571428571,usable,
[10기영2-02-08],3,0,,incomplete,A~E 중 3단계만 있음
[10영01-01],0,0,,no_levels,성취수준 A~E 없음
[10영01-02],0,0,,no_levels,성취수준 A~E 없음
[10영01-03],0,0,,no_levels,성취수준 A~E 없음
[10영01-04],0,0,,no_levels,성취수준 A~E 없음
[10영01-05],0,0,,no_levels,성취수준 A~E 없음
[10영02-01],0,0,,no_levels,성취수준 A~E 없음
[10영02-02],0,0,,no_levels,성취수준 A~E 없음
[10영02-03],0,0,,no_levels,성취수준 A~E 없음
[10영02-04],0,0,,no_levels,성취수준 A~E 없음
[10영03-01],0,0,,no_levels,성취수준 A~E 없음
[10영03-02],0,0,,no_levels,성취수준 A~E 없음
[10영03-03],0,0,,no_levels,성취수준 A~E 없음
[10영03-04],0,0,,no_levels,성취수준 A~E 없음
[10영03-05],0,0,,no_levels,성취수준 A~E 없음
[10영03-06],0,0,,no_levels,성취수준 A~E 없음
[10영04-01],0,0,,no_levels,성취수준 A~E 없음
[10영04-02],0,0,,no_levels,성취수준 A~E 없음
[10영04-03],0,0,,no_levels,성취수준 A~E 없음
[10영04-04],0,0,,no_levels,성취수준 A~E 없음
[10영04-05],0,0,,no_levels,성취수준 A~E 없음
[10영04-06],0,0,,no_levels,성취수준 A~E 없음
[12미영01-01],5,0,0.8571428571428571,usable,
[12미영01-02],5,0,0.9,usable,
[12미영01-03],5,0,0.8571428571428571,usable,
[12미영01-04],5,0,0.75,usable,
[12미영01-05],5,0,0.875,usable,
[12미영01-06],5,0,0.75,usable,
[12미영01-07],5,0,0.75,usable,
[12미영01-08],5,0,0.8571428571428571,usable,
[12미영01-09],5,0,0.8333333333333334,usable,
[12미영01-10],5,0,0.5714285714285714,usable,
[12세영01-01],5,0,0.8461538461538461,usable,
[12세영01-02],5,0,0.8,usable,
[12세영01-03],5,0,0.9,usable,
[12세영01-04],5,0,0.9,usable,
[12세영01-05],5,0,0.7,usable,
[12세영01-06],5,0,1.0,usable,
[12세영01-07],5,0,0.9,usable,
[12세영01-08],5,0,0.9090909090909091,usable,
[12세영01-09],5,0,0.9090909090909091,usable,
[12세영01-10],5,0,0.7777777777777778,usable,
[12실영01-01],5,0,0.3076923076923077,usable,
[12실영01-02],5,0,0.36363636363636365,usable,
[12실영01-03],5,0,0.0,text_mismatch,성취기준 문장과 겹침 0.00
[12실영01-04],5,0,0.0,text_mismatch,성취기준 문장과 겹침 0.00
[12실영01-05],5,0,0.8888888888888888,usable,
[12실영01-06],5,0,0.8333333333333334,usable,
[12실영01-07],5,0,0.8571428571428571,usable,
[12실영01-08],5,0,0.8888888888888888,usable,
[12실영01-09],5,0,0.8888888888888888,usable,
[12실영02-01],0,0,,no_levels,성취수준 A~E 없음
[12실영02-02],0,0,,no_levels,성취수준 A~E 없음
[12실영02-03],0,0,,no_levels,성취수준 A~E 없음
[12실영02-04],0,0,,no_levels,성취수준 A~E 없음
[12실영02-05],0,0,,no_levels,성취수준 A~E 없음
[12실영03-01],0,0,,no_levels,성취수준 A~E 없음
[12실영03-02],0,0,,no_levels,성취수준 A~E 없음
[12실영03-03],0,0,,no_levels,성취수준 A~E 없음
[12실영03-04],0,0,,no_levels,성취수준 A~E 없음
[12실영04-01],0,0,,no_levels,성취수준 A~E 없음
[12실영04-02],0,0,,no_levels,성취수준 A~E 없음
[12실영04-03],0,0,,no_levels,성취수준 A~E 없음
[12실영04-04],0,0,,no_levels,성취수준 A~E 없음
[12심독01-01],5,0,0.9090909090909091,usable,
[12심독01-02],5,0,0.8888888888888888,usable,
[12심독01-03],5,0,0.5714285714285714,usable,
[12심독01-04],5,0,0.8571428571428571,usable,
[12심독01-05],5,0,0.875,usable,
[12심독01-06],5,0,0.7142857142857143,usable,
[12심독01-07],5,0,0.7142857142857143,usable,
[12심독01-08],3,0,,incomplete,A~E 중 3단계만 있음
[12심독01-09],5,0,0.625,usable,
[12심독02-01],5,0,0.8333333333333334,usable,
[12심독02-02],5,0,0.9,usable,
[12심독02-03],5,0,0.7142857142857143,usable,
[12심독02-04],5,0,0.8181818181818182,usable,
[12심독02-05],5,0,0.9375,usable,
[12심독02-06],5,0,0.7142857142857143,usable,
[12심독02-07],5,0,0.9166666666666666,usable,
[12심독02-08],5,0,0.9166666666666666,usable,
[12심독Ⅰ03-01],5,0,0.8888888888888888,usable,
[12심독Ⅰ03-02],5,0,0.9090909090909091,usable,
[12심독Ⅰ03-03],5,0,0.9,usable,
[12심독Ⅰ03-04],5,0,0.8888888888888888,usable,
[12심독Ⅰ03-05],5,0,0.8571428571428571,usable,
[12심독Ⅰ03-06],5,0,0.8,usable,
[12심독Ⅰ03-07],5,0,0.8888888888888888,usable,
[12심독Ⅰ03-08],5,0,0.8333333333333334,usable,
[12심독Ⅰ03-09],5,0,0.875,usable,
[12심독Ⅰ03-10],5,0,1.0,usable,
[12심독Ⅱ03-01],5,0,0.8888888888888888,usable,
[12심독Ⅱ03-02],5,0,0.8571428571428571,usable,
[12심독Ⅱ03-03],5,0,0.8888888888888888,usable,
[12심독Ⅱ03-04],5,0,0.8888888888888888,usable,
[12심독Ⅱ03-05],5,0,0.8333333333333334,usable,
[12심독Ⅱ03-06],5,0,0.8,usable,
[12심독Ⅱ03-07],5,0,0.8888888888888888,usable,
[12심독Ⅱ03-08],5,0,0.875,usable,
[12심독Ⅱ03-09],5,0,0.8888888888888888,usable,
[12심독Ⅱ03-10],5,0,0.8333333333333334,usable,
[12심영01-01],5,0,0.45454545454545453,usable,
[12심영01-02],5,0,0.9090909090909091,usable,
[12심영01-03],5,0,0.8888888888888888,usable,
[12심영01-04],5,0,0.8888888888888888,usable,
[12심영01-05],5,0,0.7272727272727273,usable,
[12심영01-06],5,0,0.8888888888888888,usable,
[12심영01-07],5,0,0.8333333333333334,usable,
[12심영01-08],5,0,0.4444444444444444,usable,
[12심영02-01],5,0,0.75,usable,
[12심영02-02],5,0,0.875,usable,
[12심영02-03],5,0,0.8571428571428571,usable,
[12심영02-04],5,0,0.42857142857142855,usable,
[12심영02-05],5,0,0.8,usable,
[12심영02-06],5,0,0.8,usable,
[12심영02-07],5,0,0.5555555555555556,usable,
[12심영02-08],5,0,0.9285714285714286,usable,
[12심영Ⅰ01-01],5,0,0.9090909090909091,usable,
[12심영Ⅰ01-02],5,0,0.9,usable,
[12심영Ⅰ01-03],5,0,0.9,usable,
[12심영Ⅰ01-04],5,0,0.9090909090909091,usable,
[12심영Ⅰ01-05],5,0,0.9,usable,
[12심영Ⅰ01-06],5,0,0.9,usable,
[12심영Ⅰ01-07],5,0,0.9090909090909091,usable,
[12심영Ⅰ01-08],5,0,0.9090909090909091,usable,
[12심영Ⅰ01-09],5,0,0.9090909090909091,usable,
[12심영Ⅰ02-01],5,0,0.8888888888888888,usable,
[12심영Ⅰ02-02],5,0,0.9,usable,
[12심영Ⅰ02-03],5,0,0.8888888888888888,usable,
[12심영Ⅰ02-04],5,0,0.8571428571428571,usable,
[12심영Ⅰ02-05],5,0,0.8571428571428571,usable,
[12심영Ⅰ02-06],5,0,0.8,usable,
[12심영Ⅰ02-07],5,0,0.8,usable,
[12심영Ⅰ02-08],5,0,0.75,usable,
[12심영Ⅰ02-09],5,0,0.9,usable,
[12심영Ⅰ03-01],5,0,0.8888888888888888,usable,
[12심영Ⅰ03-02],5,0,0.9,usable,
[12심영Ⅰ03-03],5,0,0.9,usable,
[12심영Ⅰ03-04],5,0,0.9,usable,
[12심영Ⅰ03-05],5,0,0.8888888888888888,usable,
[12심영Ⅰ03-06],5,0,0.8333333333333334,usable,
[12심영Ⅰ03-07],5,0,0.9,usable,
[12심영Ⅰ03-08],5,0,0.9230769230769231,usable,
[12심영Ⅰ03-09],5,0,0.8888888888888888,usable,
[12심영Ⅰ03-10],5,0,0.8888888888888888,usable,
[12심영Ⅰ04-01],5,0,0.9,usable,
[12심영Ⅰ04-02],5,0,0.8333333333333334,usable,
[12심영Ⅰ04-03],5,0,0.875,usable,
[12심영Ⅰ04-04],5,0,0.8,usable,
[12심영Ⅱ01-01],5,0,0.2,text_mismatch,성취기준 문장과 겹침 0.20
[12심영Ⅱ01-02],5,0,0.8888888888888888,usable,
[12심영Ⅱ01-03],5,0,0.8888888888888888,usable,
[12심영Ⅱ01-04],5,0,0.8888888888888888,usable,
[12심영Ⅱ01-05],5,0,0.8888888888888888,usable,
[12심영Ⅱ01-06],5,0,0.8888888888888888,usable,
[12심영Ⅱ01-07],5,0,0.9,usable,
[12심영Ⅱ01-08],5,0,0.9,usable,
[12심영Ⅱ01-09],5,0,0.9,usable,
[12심영Ⅱ02-01],5,0,0.8333333333333334,usable,
[12심영Ⅱ02-02],5,0,0.875,usable,
[12심영Ⅱ02-03],5,0,0.9090909090909091,usable,
[12심영Ⅱ02-04],5,0,0.9166666666666666,usable,
[12심영Ⅱ02-05],5,0,0.9,usable,
[12심영Ⅱ02-06],5,0,0.875,usable,
[12심영Ⅱ02-07],5,0,0.8,usable,
[12심영Ⅱ02-08],5,0,0.75,usable,
[12심영Ⅱ02-09],5,0,0.9,usable,
[12심영Ⅱ03-01],5,0,0.8888888888888888,usable,
[12심영Ⅱ03-02],5,0,0.9090909090909091,usable,
[12심영Ⅱ03-03],5,0,0.8888888888888888,usable,
[12심영Ⅱ03-04],5,0,0.9166666666666666,usable,
[12심영Ⅱ03-05],5,0,0.875,usable,
[12심영Ⅱ03-06],5,0,0.8888888888888888,usable,
[12심영Ⅱ03-07],5,0,0.875,usable,
[12심영Ⅱ03-08],5,0,0.9166666666666666,usable,
[12심영Ⅱ03-09],5,0,0.875,usable,
[12심영Ⅱ03-10],5,0,0.875,usable,
[12심영Ⅱ04-01],5,0,0.8888888888888888,usable,
[12심영Ⅱ04-02],5,0,0.875,usable,
[12심영Ⅱ04-03],5,0,1.0,usable,
[12심영Ⅱ04-04],5,0,0.8571428571428571,usable,
[12심작Ⅰ04-01],5,0,0.6666666666666666,usable,
[12심작Ⅰ04-02],5,0,0.8888888888888888,usable,
[12심작Ⅰ04-03],5,0,0.875,usable,
[12심작Ⅰ04-04],5,0,0.8,usable,
[12심작Ⅰ04-05],5,0,0.75,usable,
[12심작Ⅰ04-06],5,0,0.875,usable,
[12심작Ⅰ04-07],5,0,0.8571428571428571,usable,
[12심작Ⅱ04-01],5,0,0.75,usable,
[12심작Ⅱ04-02],5,0,0.9090909090909091,usable,
[12심작Ⅱ04-03],5,0,0.875,usable,
[12심작Ⅱ04-04],5,0,0.8571428571428571,usable,
[12심작Ⅱ04-05],5,0,0.8333333333333334,usable,
[12심작Ⅱ04-06],5,0,0.9,usable,
[12심작Ⅱ04-07],5,0,0.7142857142857143,usable,
[12심작Ⅱ04-08],5,0,0.875,usable,
[12심회Ⅰ01-01],5,0,0.8181818181818182,usable,
[12심회Ⅰ01-02],5,0,0.8181818181818182,usable,
[12심회Ⅰ01-03],5,0,0.8888888888888888,usable,
[12심회Ⅰ01-04],5,0,0.9,usable,
[12심회Ⅰ01-05],5,0,0.9,usable,
[12심회Ⅰ01-06],5,0,0.6666666666666666,usable,
[12심회Ⅰ02-01],5,0,0.8571428571428571,usable,
[12심회Ⅰ02-02],5,0,0.75,usable,
[12심회Ⅰ02-03],5,0,0.9090909090909091,usable,
[12심회Ⅰ02-04],5,0,0.8,usable,
[12심회Ⅰ02-05],5,0,0.8,usable,
[12심회Ⅰ02-06],5,0,1.0,usable,
[12심회Ⅱ01-01],5,0,0.9090909090909091,usable,
[12심회Ⅱ01-02],5,0,0.9090909090909091,usable,
[12심회Ⅱ01-03],5,0,0.8888888888888888,usable,
[12심회Ⅱ01-04],5,0,0.9090909090909091,usable,
[12심회Ⅱ01-05],5,0,0.9,usable,
[12심회Ⅱ01-06],5,0,0.8333333333333334,usable,
[12심회Ⅱ02-01],5,0,0.8333333333333334,usable,
[12심회Ⅱ02-02],5,0,0.75,usable,
[12심회Ⅱ02-03],5,0,0.9090909090909091,usable,
[12심회Ⅱ02-04],5,0,0.8333333333333334,usable,
[12심회Ⅱ02-05],5,0,0.875,usable,
[12심회Ⅱ02-06],5,0,0.8888888888888888,usable,
[12영Ⅰ-01-01],5,0,0.6,usable,
[12영Ⅰ-01-02],5,0,0.6,usable,
[12영Ⅰ-01-03],5,0,0.8,usable,
[12영Ⅰ-01-04],5,0,0.8571428571428571,usable,
[12영Ⅰ-01-05],5,0,0.8888888888888888,usable,
[12영Ⅰ-01-06],5,0,0.8333333333333334,usable,
[12영Ⅰ-01-07],5,0,0.8888888888888888,usable,
[12영Ⅰ-01-08],3,0,,incomplete,A~E 중 3단계만 있음
[12영Ⅰ-02-01],5,0,0.8,usable,
[12영Ⅰ-02-02],5,0,0.875,usable,
[12영Ⅰ-02-03],5,0,0.75,usable,
[12영Ⅰ-02-04],5,0,0.8333333333333334,usable,
[12영Ⅰ-02-05],5,0,0.875,usable,
[12영Ⅰ-02-06],5,0,0.8888888888888888,usable,
[12영Ⅰ-02-07],5,0,0.875,usable,
[12영Ⅰ-02-08],3,0,,incomplete,A~E 중 3단계만 있음
[12영Ⅰ01-01],0,0,,no_levels,성취수준 A~E 없음
[12영Ⅰ01-02],0,0,,no_levels,성취수준 A~E 없음
[12영Ⅰ01-03],0,0,,no_levels,성취수준 A~E 없음
[12영Ⅰ01-04],0,0,,no_levels,성취수준 A~E 없음
[12영Ⅰ01-05],0,0,,no_levels,성취수준 A~E 없음
[12영Ⅰ02-01],0,0,,no_levels,성취수준 A~E 없음
[12영Ⅰ02-02],0,0,,no_levels,성취수준 A~E 없음
[12영Ⅰ02-03],0,0,,no_levels,성취수준 A~E 없음
[12영Ⅰ02-04],0,0,,no_levels,성취수준 A~E 없음
[12영Ⅰ02-05],0,0,,no_levels,성취수준 A~E 없음
[12영Ⅰ03-01],0,0,,no_levels,성취수준 A~E 없음
[12영Ⅰ03-02],0,0,,no_levels,성취수준 A~E 없음
[12영Ⅰ03-03],0,0,,no_levels,성취수준 A~E 없음
[12영Ⅰ03-04],0,0,,no_levels,성취수준 A~E 없음
[12영Ⅰ03-05],0,0,,no_levels,성취수준 A~E 없음
[12영Ⅰ03-06],0,0,,no_levels,성취수준 A~E 없음
[12영Ⅰ04-01],0,0,,no_levels,성취수준 A~E 없음
[12영Ⅰ04-02],0,0,,no_levels,성취수준 A~E 없음
[12영Ⅰ04-03],0,0,,no_levels,성취수준 A~E 없음
[12영Ⅰ04-04],0,0,,no_levels,성취수준 A~E 없음
[12영Ⅰ04-05],0,0,,no_levels,성취수준 A~E 없음
[12영Ⅰ04-06],0,0,,no_levels,성취수준 A~E 없음
[12영Ⅱ-01-01],0,0,,no_levels,성취수준 A~E 없음
[12영Ⅱ-01-02],5,0,0.2,text_mismatch,성취기준 문장과 겹침 0.20
[12영Ⅱ-01-03],5,0,0.7,usable,
[12영Ⅱ-01-04],5,0,0.8571428571428571,usable,
[12영Ⅱ-01-05],5,0,0.8571428571428571,usable,
[12영Ⅱ-01-06],5,0,0.75,usable,
[12영Ⅱ-01-07],5,0,0.8888888888888888,usable,
[12영Ⅱ-01-08],3,0,,incomplete,A~E 중 3단계만 있음
[12영Ⅱ-02-01],5,0,0.875,usable,
[12영Ⅱ-02-02],5,0,0.8571428571428571,usable,
[12영Ⅱ-02-03],5,0,0.75,usable,
[12영Ⅱ-02-04],5,0,0.625,usable,
[12영Ⅱ-02-05],5,0,0.8333333333333334,usable,
[12영Ⅱ-02-06],5,0,0.875,usable,
[12영Ⅱ-02-07],5,0,0.9166666666666666,usable,
[12영Ⅱ-02-08],5,0,0.8571428571428571,usable,
[12영Ⅱ-02-09],3,0,,incomplete,A~E 중 3단계만 있음
[12영Ⅱ01-01],0,0,,no_levels,성취수준 A~E 없음
[12영Ⅱ01-02],0,0,,no_levels,성취수준 A~E 없음
[12영Ⅱ01-03],0,0,,no_levels,성취수준 A~E 없음
[12영Ⅱ01-04],0,0,,no_levels,성취수준 A~E 없음
[12영Ⅱ01-05],0,0,,no_levels,성취수준 A~E 없음
[12영Ⅱ02-01],0,0,,no_levels,성취수준 A~E 없음
[12영Ⅱ02-02],0,0,,no_levels,성취수준 A~E 없음
[12영Ⅱ02-03],0,0,,no_levels,성취수준 A~E 없음
[12영Ⅱ02-04],0,0,,no_levels,성취수준 A~E 없음
[12영Ⅱ02-05],0,0,,no_levels,성취수준 A~E 없음
[12영Ⅱ03-01],0,0,,no_levels,성취수준 A~E 없음
[12영Ⅱ03-02],0,0,,no_levels,성취수준 A~E 없음
[12영Ⅱ03-03],0,0,,no_levels,성취수준 A~E 없음
[12영Ⅱ03-04],0,0,,no_levels,성취수준 A~E 없음
[12영Ⅱ03-05],0,0,,no_levels,성취수준 A~E 없음
[12영Ⅱ03-06],0,0,,no_levels,성취수준 A~E 없음
[12영Ⅱ04-01],0,0,,no_levels,성취수준 A~E 없음
[12영Ⅱ04-02],0,0,,no_levels,성취수준 A~E 없음
[12영Ⅱ04-03],0,0,,no_levels,성취수준 A~E 없음
[12영Ⅱ04-04],0,0,,no_levels,성취수준 A~E 없음
[12영Ⅱ04-05],0,0,,no_levels,성취수준 A~E 없음
[12영Ⅱ04-06],0,0,,no_levels,성취수준 A~E 없음
[12영Ⅱ04-07],0,0,,no_levels,성취수준 A~E 없음
[12영독01-01],5,0,0.5,usable,
[12영독01-02],5,0,0.5,usable,
[12영독01-03],5,0,0.8,usable,
[12영독01-04],5,0,0.8571428571428571,usable,
[12영독01-05],5,0,0.8571428571428571,usable,
[12영독01-06],5,0,0.8,usable,
[12영독01-07],5,0,0.8,usable,
[12영독01-08],3,0,,incomplete,A~E 중 3단계만 있음
[12영독01-09],5,0,1.0,usable,
[12영독02-01],5,0,0.8571428571428571,usable,
[12영독02-02],5,0,0.8333333333333334,usable,
[12영독02-03],5,0,0.5,usable,
[12영독02-04],5,0,0.75,usable,
[12영독02-05],5,0,0.8888888888888888,usable,
[12영독02-06],5,0,0.8888888888888888,usable,
[12영독02-07],5,0,0.875,usable,
[12영독02-08],5,0,1.0,usable,
[12영독03-01],0,0,,no_levels,성취수준 A~E 없음
[12영독03-02],0,0,,no_levels,성취수준 A~E 없음
[12영독03-03],0,0,,no_levels,성취수준 A~E 없음
[12영독03-04],0,0,,no_levels,성취수준 A~E 없음
[12영독03-05],0,0,,no_levels,성취수준 A~E 없음
[12영독03-06],0,0,,no_levels,성취수준 A~E 없음
[12영독04-01],0,0,,no_levels,성취수준 A~E 없음
[12영독04-02],0,0,,no_levels,성취수준 A~E 없음
[12영독04-03],0,0,,no_levels,성취수준 A~E 없음
[12영독04-04],0,0,,no_levels,성취수준 A~E 없음
[12영독04-05],0,0,,no_levels,성취수준 A~E 없음
[12영독04-06],0,0,,no_levels,성취수준 A~E 없음
[12영문01-01],5,0,0.8888888888888888,usable,
[12영문01-02],5,0,0.875,usable,
[12영문01-03],5,0,0.75,usable,
[12영문01-04],5,0,0.7777777777777778,usable,
[12영문01-05],5,0,0.8823529411764706,usable,
[12영문01-06],5,0,0.6666666666666666,usable,
[12영문01-07],5,0,0.8125,usable,
[12영문01-08],3,0,,incomplete,A~E 중 3단계만 있음
[12영문03-01],0,0,,no_levels,성취수준 A~E 없음
[12영문03-02],0,0,,no_levels,성취수준 A~E 없음
[12영문03-03],0,0,,no_levels,성취수준 A~E 없음
[12영문03-04],0,0,,no_levels,성취수준 A~E 없음
[12영문03-05],0,0,,no_levels,성취수준 A~E 없음
[12영문03-06],0,0,,no_levels,성취수준 A~E 없음
[12영문03-07],0,0,,no_levels,성취수준 A~E 없음
[12영문03-08],0,0,,no_levels,성취수준 A~E 없음
[12영문04-01],0,0,,no_levels,성취수준 A~E 없음
[12영문04-02],0,0,,no_levels,성취수준 A~E 없음
[12영문04-03],0,0,,no_levels,성취수준 A~E 없음
[12영문04-04],0,0,,no_levels,성취수준 A~E 없음
[12영문04-05],0,0,,no_levels,성취수준 A~E 없음
[12영문04-06],3,0,,incomplete,A~E 중 3단계만 있음
[12영발01-01],5,0,0.4444444444444444,usable,
[12영발01-02],5,0,0.8,usable,
[12영발01-03],5,0,0.9090909090909091,usable,
[12영발01-04],5,0,0.9,usable,
[12영발01-05],5,0,0.14285714285714285,text_mismatch,성취기준 문장과 겹침 0.14
[12영발01-06],5,0,0.75,usable,
[12영발01-07],5,0,0.8333333333333334,usable,
[12영발01-08],5,0,0.2857142857142857,text_mismatch,성취기준 문장과 겹침 0.29
[12영발02-01],5,0,0.5555555555555556,usable,
[12영발02-02],5,0,0.625,usable,
[12영발02-03],5,0,0.875,usable,
[12영발02-04],5,0,0.7142857142857143,usable,
[12영발02-05],5,0,0.5714285714285714,usable,
[12영발02-06],5,0,0.75,usable,
[12영발02-07],5,0,0.8333333333333334,usable,
[12영발02-08],5,0,0.2857142857142857,text_mismatch,성취기준 문장과 겹침 0.29
[12영화01-01],0,0,,no_levels,성취수준 A~E 없음
[12영화01-02],0,0,,no_levels,성취수준 A~E 없음
[12영화01-03],0,0,,no_levels,성취수준 A~E 없음
[12영화01-04],0,0,,no_levels,성취수준 A~E 없음
[12영화02-01],0,0,,no_levels,성취수준 A~E 없음
[12영화02-02],0,0,,no_levels,성취수준 A~E 없음
[12영화02-03],0,0,,no_levels,성취수준 A~E 없음
[12영화02-04],0,0,,no_levels,성취수준 A~E 없음
[12영화03-01],0,0,,no_levels,성취수준 A~E 없음
[12영화03-02],0,0,,no_levels,성취수준 A~E 없음
[12영화03-03],0,0,,no_levels,성취수준 A~E 없음
[12영화03-04],0,0,,no_levels,성취수준 A~E 없음
[12영화04-01],0,0,,no_levels,성취수준 A~E 없음
[12영화04-02],0,0,,no_levels,성취수준 A~E 없음
[12영화04-03],0,0,,no_levels,성취수준 A~E 없음
[12영화04-04],0,0,,no_levels,성취수준 A~E 없음
[12영화04-05],0,0,,no_levels,성취수준 A~E 없음
[12영화04-06],0,0,,no_levels,성취수준 A~E 없음
[12영회01-01],0,0,,no_levels,성취수준 A~E 없음
[12영회01-02],0,0,,no_levels,성취수준 A~E 없음
[12영회01-03],0,0,,no_levels,성취수준 A~E 없음
[12영회01-04],0,0,,no_levels,성취수준 A~E 없음
[12영회01-05],0,0,,no_levels,성취수준 A~E 없음
[12영회02-01],0,0,,no_levels,성취수준 A~E 없음
[12영회02-02],0,0,,no_levels,성취수준 A~E 없음
[12영회02-03],0,0,,no_levels,성취수준 A~E 없음
[12영회02-04],0,0,,no_levels,성취수준 A~E 없음
[12영회02-05],0,0,,no_levels,성취수준 A~E 없음
[12직영01-01],5,0,0.375,usable,
[12직영01-02],5,0,0.7272727272727273,usable,
[12직영01-03],5,0,0.8,usable,
[12직영01-04],5,0,0.9090909090909091,usable,
[12직영01-05],5,0,0.9,usable,
[12직영01-06],5,0,0.8,usable,
[12직영01-07],3,0,,incomplete,A~E 중 3단계만 있음
[12직영01-08],3,0,,incomplete,A~E 중 3단계만 있음
[12진영01-01],0,0,,no_levels,성취수준 A~E 없음
[12진영01-02],0,0,,no_levels,성취수준 A~E 없음
[12진영01-03],0,0,,no_levels,성취수준 A~E 없음
[12진영01-04],0,0,,no_levels,성취수준 A~E 없음
[12진영01-05],0,0,,no_levels,성취수준 A~E 없음
[12진영02-01],0,0,,no_levels,성취수준 A~E 없음
[12진영02-02],0,0,,no_levels,성취수준 A~E 없음
[12진영02-03],0,0,,no_levels,성취수준 A~E 없음
[12진영02-04],0,0,,no_levels,성취수준 A~E 없음
[12진영02-05],0,0,,no_levels,성취수준 A~E 없음
[12진영02-06],0,0,,no_levels,성취수준 A~E 없음
[12진영03-01],0,0,,no_levels,성취수준 A~E 없음
[12진영03-02],0,0,,no_levels,성취수준 A~E 없음
[12진영03-03],0,0,,no_levels,성취수준 A~E 없음
[12진영03-04],0,0,,no_levels,성취수준 A~E 없음
[12진영04-01],0,0,,no_levels,성취수준 A~E 없음
[12진영04-02],0,0,,no_levels,성취수준 A~E 없음
[12진영04-03],0,0,,no_levels,성취수준 A~E 없음
[12진영04-04],0,0,,no_levels,성취수준 A~E 없음
[12진영04-05],0,0,,no_levels,성취수준 A~E 없음
[12진영04-06],0,0,,no_levels,성취수준 A~E 없음
[22-12영Ⅰ-01-01],0,0,,no_levels,성취수준 A~E 없음
[22-12영Ⅰ-01-02],0,0,,no_levels,성취수준 A~E 없음
[22-12영Ⅰ-01-03],0,0,,no_levels,성취수준 A~E 없음
[22-12영Ⅰ-01-04],0,0,,no_levels,성취수준 A~E 없음
[22-12영Ⅰ-01-05],0,0,,no_levels,성취수준 A~E 없음
[22-12영Ⅰ-01-06],0,0,,no_levels,성취수준 A~E 없음
[22-12영Ⅰ-01-07],0,0,,no_levels,성취수준 A~E 없음
[22-12영Ⅰ-01-08],0,0,,no_levels,성취수준 A~E 없음
[22-12영Ⅰ-02-01],0,0,,no_levels,성취수준 A~E 없음
[22-12영Ⅰ-02-02],0,0,,no_levels,성취수준 A~E 없음
[22-12영Ⅰ-02-03],0,0,,no_levels,성취수준 A~E 없음
[22-12영Ⅰ-02-04],0,0,,no_levels,성취수준 A~E 없음
[22-12영Ⅰ-02-05],0,0,,no_levels,성취수준 A~E 없음
[22-12영Ⅰ-02-06],0,0,,no_levels,성취수준 A~E 없음
[22-12영Ⅰ-02-07],0,0,,no_levels,성취수준 A~E 없음
[22-12영Ⅰ-02-08],0,0,,no_levels,성취수준 A~E 없음
[22-12영Ⅱ-01-01],0,0,,no_levels,성취수준 A~E 없음
[22-12영Ⅱ-01-02],0,0,,no_levels,성취수준 A~E 없음
[22-12영Ⅱ-01-03],0,0,,no_levels,성취수준 A~E 없음
[22-12영Ⅱ-01-04],0,0,,no_levels,성취수준 A~E 없음
[22-12영Ⅱ-01-05],0,0,,no_levels,성취수준 A~E 없음
[22-12영Ⅱ-01-06],0,0,,no_levels,성취수준 A~E 없음
[22-12영Ⅱ-01-07],0,0,,no_levels,성취수준 A~E 없음
[22-12영Ⅱ-01-08],0,0,,no_levels,성취수준 A~E 없음
[22-12영Ⅱ-02-01],0,0,,no_levels,성취수준 A~E 없음
[22-12영Ⅱ-02-02],0,0,,no_levels,성취수준 A~E 없음
[22-12영Ⅱ-02-03],0,0,,no_levels,성취수준 A~E 없음
[22-12영Ⅱ-02-04],0,0,,no_levels,성취수준 A~E 없음
[22-12영Ⅱ-02-05],0,0,,no_levels,성취수준 A~E 없음
[22-12영Ⅱ-02-06],0,0,,no_levels,성취수준 A~E 없음
[22-12영Ⅱ-02-07],0,0,,no_levels,성취수준 A~E 없음
[22-12영Ⅱ-02-08],0,0,,no_levels,성취수준 A~E 없음
[22-12영Ⅱ-02-09],0,0,,no_levels,성취수준 A~E 없음
[22-4영01-01],3,0,,incomplete,A~E 중 3단계만 있음
[22-4영01-02],3,0,,incomplete,A~E 중 3단계만 있음
[22-4영01-03],3,0,,incomplete,A~E 중 3단계만 있음
[22-4영01-04],3,0,,incomplete,A~E 중 3단계만 있음
[22-4영01-05],3,0,,incomplete,A~E 중 3단계만 있음
[22-4영01-06],3,0,,incomplete,A~E 중 3단계만 있음
[22-4영01-07],3,0,,incomplete,A~E 중 3단계만 있음
[22-4영01-08],3,0,,incomplete,A~E 중 3단계만 있음
[22-4영01-09],3,0,,incomplete,A~E 중 3단계만 있음
[22-4영01-10],3,0,,incomplete,A~E 중 3단계만 있음
[22-4영02-01],3,0,,incomplete,A~E 중 3단계만 있음
[22-4영02-02],3,0,,incomplete,A~E 중 3단계만 있음
[22-4영02-03],3,0,,incomplete,A~E 중 3단계만 있음
[22-4영02-04],3,0,,incomplete,A~E 중 3단계만 있음
[22-4영02-05],3,0,,incomplete,A~E 중 3단계만 있음
[22-4영02-06],3,0,,incomplete,A~E 중 3단계만 있음
[22-4영02-07],3,0,,incomplete,A~E 중 3단계만 있음
[22-4영02-08],3,0,,incomplete,A~E 중 3단계만 있음
[22-4영02-09],3,0,,incomplete,A~E 중 3단계만 있음
[22-4영02-10],3,0,,incomplete,A~E 중 3단계만 있음
[22-6영01-01],3,0,,incomplete,A~E 중 3단계만 있음
[22-6영01-02],3,0,,incomplete,A~E 중 3단계만 있음
[22-6영01-03],3,0,,incomplete,A~E 중 3단계만 있음
[22-6영01-04],3,0,,incomplete,A~E 중 3단계만 있음
[22-6영01-05],3,0,,incomplete,A~E 중 3단계만 있음
[22-6영01-06],3,0,,incomplete,A~E 중 3단계만 있음
[22-6영01-07],3,0,,incomplete,A~E 중 3단계만 있음
[22-6영01-08],3,0,,incomplete,A~E 중 3단계만 있음
[22-6영01-09],3,0,,incomplete,A~E 중 3단계만 있음
[22-6영01-10],3,0,,incomplete,A~E 중 3단계만 있음
[22-6영02-01],3,0,,incomplete,A~E 중 3단계만 있음
[22-6영02-02],3,0,,incomplete,A~E 중 3단계만 있음
[22-6영02-03],3,0,,incomplete,A~E 중 3단계만 있음
[22-6영02-04],3,0,,incomplete,A~E 중 3단계만 있음
[22-6영02-05],3,0,,incomplete,A~E 중 3단계만 있음
[22-6영02-06],3,0,,incomplete,A~E 중 3단계만 있음
[22-6영02-07],3,0,,incomplete,A~E 중 3단계만 있음
[22-6영02-08],3,0,,incomplete,A~E 중 3단계만 있음
[22-6영02-09],3,0,,incomplete,A~E 중 3단계만 있음
[22-6영02-10],3,0,,incomplete,A~E 중 3단계만 있음
[22-9영01-01],3,0,,incomplete,A~E 중 3단계만 있음
[22-9영01-02],5,0,0.875,usable,
[22-9영01-03],5,0,0.75,usable,
[22-9영01-04],5,0,0.9,usable,
[22-9영01-05],5,0,0.8888888888888888,usable,
[22-9영01-06],5,0,0.9,usable,
[22-9영01-07],5,0,0.8333333333333334,usable,
[22-9영01-08],3,0,,incomplete,A~E 중 3단계만 있음
[22-9영01-09],3,0,,incomplete,A~E 중 3단계만 있음
[22-9영01-10],3,0,,incomplete,A~E 중 3단계만 있음
[22-9영02-01],3,0,,incomplete,A~E 중 3단계만 있음
[22-9영02-02],5,0,0.75,usable,
[22-9영02-03],5,0,0.8333333333333334,usable,
[22-9영02-04],5,0,0.8333333333333334,usable,
[22-9영02-05],5,0,0.875,usable,
[22-9영02-06],5,0,0.8333333333333334,usable,
[22-9영02-07],5,0,0.8571428571428571,usable,
[22-9영02-08],5,0,0.8571428571428571,usable,
[22-9영02-09],3,0,,incomplete,A~E 중 3단계만 있음
[22-9영02-10],3,0,,incomplete,A~E 중 3단계만 있음
[22-9영02-11],3,0,,incomplete,A~E 중 3단계만 있음
[4영01-01],0,0,,no_levels,성취수준 A~E 없음
[4영01-02],0,0,,no_levels,성취수준 A~E 없음
[4영01-03],0,0,,no_levels,성취수준 A~E 없음
[4영01-04],0,0,,no_levels,성취수준 A~E 없음
[4영01-05],0,0,,no_levels,성취수준 A~E 없음
[4영01-06],0,0,,no_levels,성취수준 A~E 없음
[4영01-07],0,0,,no_levels,성취수준 A~E 없음
[4영01-08],0,0,,no_levels,성취수준 A~E 없음
[4영01-09],0,0,,no_levels,성취수준 A~E 없음
[4영01-10],0,0,,no_levels,성취수준 A~E 없음
[4영02-01],0,0,,no_levels,성취수준 A~E 없음
[4영02-02],0,0,,no_levels,성취수준 A~E 없음
[4영02-03],0,0,,no_levels,성취수준 A~E 없음
[4영02-04],0,0,,no_levels,성취수준 A~E 없음
[4영02-05],0,0,,no_levels,성취수준 A~E 없음
[4영02-06],0,0,,no_levels,성취수준 A~E 없음
[4영02-07],0,0,,no_levels,성취수준 A~E 없음
[4영02-08],0,0,,no_levels,성취수준 A~E 없음
[4영02-09],0,0,,no_levels,성취수준 A~E 없음
[4영02-10],0,0,,no_levels,성취수준 A~E 없음
[4영03-01],0,0,,no_levels,성취수준 A~E 없음
[4영03-02],0,0,,no_levels,성취수준 A~E 없음
[4영03-03],0,0,,no_levels,성취수준 A~E 없음
[4영03-04],0,0,,no_levels,성취수준 A~E 없음
[4영03-05],0,0,,no_levels,성취수준 A~E 없음
[4영04-01],0,0,,no_levels,성취수준 A~E 없음
[4영04-02],0,0,,no_levels,성취수준 A~E 없음
[4영04-03],0,0,,no_levels,성취수준 A~E 없음
[6영01-01],0,0,,no_levels,성취수준 A~E 없음
[6영01-02],0,0,,no_levels,성취수준 A~E 없음
[6영01-03],0,0,,no_levels,성취수준 A~E 없음
[6영01-04],0,0,,no_levels,성취수준 A~E 없음
[6영01-05],0,0,,no_levels,성취수준 A~E 없음
[6영01-06],0,0,,no_levels,성취수준 A~E 없음
[6영01-07],0,0,,no_levels,성취수준 A~E 없음
[6영01-08],0,0,,no_levels,성취수준 A~E 없음
[6영01-09],0,0,,no_levels,성취수준 A~E 없음
[6영01-10],0,0,,no_levels,성취수준 A~E 없음
[6영02-01],0,0,,no_levels,성취수준 A~E 없음
[6영02-02],0,0,,no_levels,성취수준 A~E 없음
[6영02-03],0,0,,no_levels,성취수준 A~E 없음
[6영02-04],0,0,,no_levels,성취수준 A~E 없음
[6영02-05],0,0,,no_levels,성취수준 A~E 없음
[6영02-06],0,0,,no_levels,성취수준 A~E 없음
[6영02-07],0,0,,no_levels,성취수준 A~E 없음
[6영02-08],0,0,,no_levels,성취수준 A~E 없음
[6영02-09],0,0,,no_levels,성취수준 A~E 없음
[6영02-10],0,0,,no_levels,성취수준 A~E 없음
[6영03-01],0,0,,no_levels,성취수준 A~E 없음
[6영03-02],0,0,,no_levels,성취수준 A~E 없음
[6영03-03],0,0,,no_levels,성취수준 A~E 없음
[6영03-04],0,0,,no_levels,성취수준 A~E 없음
[6영04-01],0,0,,no_levels,성취수준 A~E 없음
[6영04-02],0,0,,no_levels,성취수준 A~E 없음
[6영04-03],0,0,,no_levels,성취수준 A~E 없음
[6영04-04],0,0,,no_levels,성취수준 A~E 없음
[6영04-05],0,0,,no_levels,성취수준 A~E 없음
[9영01-01],0,0,,no_levels,성취수준 A~E 없음
[9영01-02],0,0,,no_levels,성취수준 A~E 없음
[9영01-03],0,0,,no_levels,성취수준 A~E 없음
[9영01-04],0,0,,no_levels,성취수준 A~E 없음
[9영01-05],0,0,,no_levels,성취수준 A~E 없음
[9영01-06],0,0,,no_levels,성취수준 A~E 없음
[9영01-07],0,0,,no_levels,성취수준 A~E 없음
[9영01-08],0,0,,no_levels,성취수준 A~E 없음
[9영01-09],0,0,,no_levels,성취수준 A~E 없음
[9영01-10],0,0,,no_levels,성취수준 A~E 없음
[9영02-01],0,0,,no_levels,성취수준 A~E 없음
[9영02-02],0,0,,no_levels,성취수준 A~E 없음
[9영02-03],0,0,,no_levels,성취수준 A~E 없음
[9영02-04],0,0,,no_levels,성취수준 A~E 없음
[9영02-05],0,0,,no_levels,성취수준 A~E 없음
[9영02-06],0,0,,no_levels,성취수준 A~E 없음
[9영02-07],0,0,,no_levels,성취수준 A~E 없음
[9영02-08],0,0,,no_levels,성취수준 A~E 없음
[9영02-09],0,0,,no_levels,성취수준 A~E 없음
[9영02-10],0,0,,no_levels,성취수준 A~E 없음
[9영02-11],0,0,,no_levels,성취수준 A~E 없음
[9영03-01],0,0,,no_levels,성취수준 A~E 없음
[9영03-02],0,0,,no_levels,성취수준 A~E 없음
[9영03-03],0,0,,no_levels,성취수준 A~E 없음
[9영03-04],0,0,,no_levels,성취수준 A~E 없음
[9영03-05],0,0,,no_levels,성취수준 A~E 없음
[9영03-06],0,0,,no_levels,성취수준 A~E 없음
[9영03-07],0,0,,no_levels,성취수준 A~E 없음
[9영03-08],0,0,,no_levels,성취수준 A~E 없음
[9영03-09],0,0,,no_levels,성취수준 A~E 없음
[9영04-01],0,0,,no_levels,성취수준 A~E 없음
[9영04-02],0,0,,no_levels,성취수준 A~E 없음
[9영04-03],0,0,,no_levels,성취수준 A~E 없음
[9영04-04],0,0,,no_levels,성취수준 A~E 없음
[9영04-05],0,0,,no_levels,성취수준 A~E 없음
[9영04-06],0,0,,no_levels,성취수준 A~E 없음
